,device_sn,device_name,port_number,sensor_sn,sensor_name,units,timestamp_utc,datetime,tz_offset,value,precision,mrid,error_flag,error_description
0,z6-08820,W1_ATMOS_SMST1,1,ATM-410008379,ATMOS 41, °C,1731452400,2024-11-13 00:00:00+01:00,3600,3.3,1,154212,False,
1,z6-08820,W1_ATMOS_SMST1,1,ATM-410008379,ATMOS 41, °C,1731452100,2024-11-12 23:55:00+01:00,3600,3.3,1,154211,False,
2,z6-08820,W1_ATMOS_SMST1,1,ATM-410008379,ATMOS 41, °C,1731451800,2024-11-12 23:50:00+01:00,3600,3.2,1,154210,False,
3,z6-08820,W1_ATMOS_SMST1,1,ATM-410008379,ATMOS 41, °C,1731451500,2024-11-12 23:45:00+01:00,3600,3.1,1,154209,False,
4,z6-08820,W1_ATMOS_SMST1,1,ATM-410008379,ATMOS 41, °C,1731451200,2024-11-12 23:40:00+01:00,3600,3.0,1,154208,False,
5,z6-08820,W1_ATMOS_SMST1,1,ATM-410008379,ATMOS 41, °C,1731450900,2024-11-12 23:35:00+01:00,3600,2.9,1,154207,False,
6,z6-08820,W1_ATMOS_SMST1,1,ATM-410008379,ATMOS 41, °C,1731450600,2024-11-12 23:30:00+01:00,3600,2.8,1,154206,False,
7,z6-08820,W1_ATMOS_SMST1,1,ATM-410008379,ATMOS 41, °C,1731450300,2024-11-12 23:25:00+01:00,3600,2.6,1,154205,False,
8,z6-08820,W1_ATMOS_SMST1,1,ATM-410008379,ATMOS 41, °C,1731450000,2024-11-12 23:20:00+01:00,3600,2.5,1,154204,False,
9,z6-08820,W1_ATMOS_SMST1,1,ATM-410008379,ATMOS 41, °C,1731449700,2024-11-12 23:15:00+01:00,3600,2.4,1,154203,False,
10,z6-08820,W1_ATMOS_SMST1,1,ATM-410008379,ATMOS 41, °C,1731449400,2024-11-12 23:10:00+01:00,3600,2.2,1,154202,False,
11,z6-08820,W1_ATMOS_SMST1,1,ATM-410008379,ATMOS 41, °C,1731449100,2024-11-12 23:05:00+01:00,3600,2.1,1,154201,False,
12,z6-08820,W1_ATMOS_SMST1,1,ATM-410008379,ATMOS 41, °C,1731448800,2024-11-12 23:00:00+01:00,3600,2.1,1,154200,False,
13,z6-08820,W1_ATMOS_SMST1,1,ATM-410008379,ATMOS 41, °C,1731448500,2024-11-12 22:55:00+01:00,3600,1.8,1,154199,False,
14,z6-08820,W1_ATMOS_SMST1,1,ATM-410008379,ATMOS 41, °C,1731448200,2024-11-12 22:50:00+01:00,3600,1.7,1,154198,False,
15,z6-08820,W1_ATMOS_SMST1,1,ATM-410008379,ATMOS 41, °C,1731447900,2024-11-12 22:45:00+01:00,3600,1.6,1,154197,False,
16,z6-08820,W1_ATMOS_SMST1,1,ATM-410008379,ATMOS 41, °C,1731447600,2024-11-12 22:40:00+01:00,3600,1.6,1,154196,False,
17,z6-08820,W1_ATMOS_SMST1,1,ATM-410008379,ATMOS 41, °C,1731447300,2024-11-12 22:35:00+01:00,3600,1.7,1,154195,False,
18,z6-08820,W1_ATMOS_SMST1,1,ATM-410008379,ATMOS 41, °C,1731447000,2024-11-12 22:30:00+01:00,3600,1.7,1,154194,False,
19,z6-08820,W1_ATMOS_SMST1,1,ATM-410008379,ATMOS 41, °C,1731446700,2024-11-12 22:25:00+01:00,3600,1.5,1,154193,False,
20,z6-08820,W1_ATMOS_SMST1,1,ATM-410008379,ATMOS 41, °C,1731446400,2024-11-12 22:20:00+01:00,3600,1.5,1,154192,False,
21,z6-08820,W1_ATMOS_SMST1,1,ATM-410008379,ATMOS 41, °C,1731446100,2024-11-12 22:15:00+01:00,3600,1.2,1,154191,False,
22,z6-08820,W1_ATMOS_SMST1,1,ATM-410008379,ATMOS 41, °C,1731445800,2024-11-12 22:10:00+01:00,3600,1.3,1,154190,False,
23,z6-08820,W1_ATMOS_SMST1,1,ATM-410008379,ATMOS 41, °C,1731445500,2024-11-12 22:05:00+01:00,3600,1.5,1,154189,False,
24,z6-08820,W1_ATMOS_SMST1,1,ATM-410008379,ATMOS 41, °C,1731445200,2024-11-12 22:00:00+01:00,3600,1.5,1,154188,False,
25,z6-08820,W1_ATMOS_SMST1,1,ATM-410008379,ATMOS 41, °C,1731444900,2024-11-12 21:55:00+01:00,3600,1.7,1,154187,False,
26,z6-08820,W1_ATMOS_SMST1,1,ATM-410008379,ATMOS 41, °C,1731444600,2024-11-12 21:50:00+01:00,3600,1.6,1,154186,False,
27,z6-08820,W1_ATMOS_SMST1,1,ATM-410008379,ATMOS 41, °C,1731444300,2024-11-12 21:45:00+01:00,3600,1.9,1,154185,False,
28,z6-08820,W1_ATMOS_SMST1,1,ATM-410008379,ATMOS 41, °C,1731444000,2024-11-12 21:40:00+01:00,3600,1.8,1,154184,False,
29,z6-08820,W1_ATMOS_SMST1,1,ATM-410008379,ATMOS 41, °C,1731443700,2024-11-12 21:35:00+01:00,3600,2.0,1,154183,False,
30,z6-08820,W1_ATMOS_SMST1,1,ATM-410008379,ATMOS 41, °C,1731443400,2024-11-12 21:30:00+01:00,3600,2.0,1,154182,False,
31,z6-08820,W1_ATMOS_SMST1,1,ATM-410008379,ATMOS 41, °C,1731443100,2024-11-12 21:25:00+01:00,3600,2.1,1,154181,False,
32,z6-08820,W1_ATMOS_SMST1,1,ATM-410008379,ATMOS 41, °C,1731442800,2024-11-12 21:20:00+01:00,3600,2.2,1,154180,False,
33,z6-08820,W1_ATMOS_SMST1,1,ATM-410008379,ATMOS 41, °C,1731442500,2024-11-12 21:15:00+01:00,3600,2.3,1,154179,False,
34,z6-08820,W1_ATMOS_SMST1,1,ATM-410008379,ATMOS 41, °C,1731442200,2024-11-12 21:10:00+01:00,3600,2.4,1,154178,False,
35,z6-08820,W1_ATMOS_SMST1,1,ATM-410008379,ATMOS 41, °C,1731441900,2024-11-12 21:05:00+01:00,3600,2.4,1,154177,False,
36,z6-08820,W1_ATMOS_SMST1,1,ATM-410008379,ATMOS 41, °C,1731441600,2024-11-12 21:00:00+01:00,3600,2.4,1,154176,False,
37,z6-08820,W1_ATMOS_SMST1,1,ATM-410008379,ATMOS 41, °C,1731441300,2024-11-12 20:55:00+01:00,3600,2.5,1,154175,False,
38,z6-08820,W1_ATMOS_SMST1,1,ATM-410008379,ATMOS 41, °C,1731441000,2024-11-12 20:50:00+01:00,3600,2.6,1,154174,False,
39,z6-08820,W1_ATMOS_SMST1,1,ATM-410008379,ATMOS 41, °C,1731440700,2024-11-12 20:45:00+01:00,3600,2.7,1,154173,False,
40,z6-08820,W1_ATMOS_SMST1,1,ATM-410008379,ATMOS 41, °C,1731440400,2024-11-12 20:40:00+01:00,3600,2.7,1,154172,False,
41,z6-08820,W1_ATMOS_SMST1,1,ATM-410008379,ATMOS 41, °C,1731440100,2024-11-12 20:35:00+01:00,3600,2.6,1,154171,False,
42,z6-08820,W1_ATMOS_SMST1,1,ATM-410008379,ATMOS 41, °C,1731439800,2024-11-12 20:30:00+01:00,3600,2.8,1,154170,False,
43,z6-08820,W1_ATMOS_SMST1,1,ATM-410008379,ATMOS 41, °C,1731439500,2024-11-12 20:25:00+01:00,3600,2.8,1,154169,False,
44,z6-08820,W1_ATMOS_SMST1,1,ATM-410008379,ATMOS 41, °C,1731439200,2024-11-12 20:20:00+01:00,3600,3.0,1,154168,False,
45,z6-08820,W1_ATMOS_SMST1,1,ATM-410008379,ATMOS 41, °C,1731438900,2024-11-12 20:15:00+01:00,3600,3.0,1,154167,False,
46,z6-08820,W1_ATMOS_SMST1,1,ATM-410008379,ATMOS 41, °C,1731438600,2024-11-12 20:10:00+01:00,3600,3.2,1,154166,False,
47,z6-08820,W1_ATMOS_SMST1,1,ATM-410008379,ATMOS 41, °C,1731438300,2024-11-12 20:05:00+01:00,3600,3.3,1,154165,False,
48,z6-08820,W1_ATMOS_SMST1,1,ATM-410008379,ATMOS 41, °C,1731438000,2024-11-12 20:00:00+01:00,3600,3.4,1,154164,False,
49,z6-08820,W1_ATMOS_SMST1,1,ATM-410008379,ATMOS 41, °C,1731437700,2024-11-12 19:55:00+01:00,3600,3.5,1,154163,False,
50,z6-08820,W1_ATMOS_SMST1,1,ATM-410008379,ATMOS 41, °C,1731437400,2024-11-12 19:50:00+01:00,3600,3.5,1,154162,False,
51,z6-08820,W1_ATMOS_SMST1,1,ATM-410008379,ATMOS 41, °C,1731437100,2024-11-12 19:45:00+01:00,3600,3.9,1,154161,False,
52,z6-08820,W1_ATMOS_SMST1,1,ATM-410008379,ATMOS 41, °C,1731436800,2024-11-12 19:40:00+01:00,3600,4.3,1,154160,False,
53,z6-08820,W1_ATMOS_SMST1,1,ATM-410008379,ATMOS 41, °C,1731436500,2024-11-12 19:35:00+01:00,3600,4.7,1,154159,False,
54,z6-08820,W1_ATMOS_SMST1,1,ATM-410008379,ATMOS 41, °C,1731436200,2024-11-12 19:30:00+01:00,3600,4.9,1,154158,False,
55,z6-08820,W1_ATMOS_SMST1,1,ATM-410008379,ATMOS 41, °C,1731435900,2024-11-12 19:25:00+01:00,3600,5.1,1,154157,False,
56,z6-08820,W1_ATMOS_SMST1,1,ATM-410008379,ATMOS 41, °C,1731435600,2024-11-12 19:20:00+01:00,3600,5.1,1,154156,False,
57,z6-08820,W1_ATMOS_SMST1,1,ATM-410008379,ATMOS 41, °C,1731435300,2024-11-12 19:15:00+01:00,3600,5.3,1,154155,False,
58,z6-08820,W1_ATMOS_SMST1,1,ATM-410008379,ATMOS 41, °C,1731435000,2024-11-12 19:10:00+01:00,3600,5.6,1,154154,False,
59,z6-08820,W1_ATMOS_SMST1,1,ATM-410008379,ATMOS 41, °C,1731434700,2024-11-12 19:05:00+01:00,3600,5.6,1,154153,False,
60,z6-08820,W1_ATMOS_SMST1,1,ATM-410008379,ATMOS 41, °C,1731434400,2024-11-12 19:00:00+01:00,3600,5.7,1,154152,False,
61,z6-08820,W1_ATMOS_SMST1,1,ATM-410008379,ATMOS 41, °C,1731434100,2024-11-12 18:55:00+01:00,3600,5.7,1,154151,False,
62,z6-08820,W1_ATMOS_SMST1,1,ATM-410008379,ATMOS 41, °C,1731433800,2024-11-12 18:50:00+01:00,3600,6.0,1,154150,False,
63,z6-08820,W1_ATMOS_SMST1,1,ATM-410008379,ATMOS 41, °C,1731433500,2024-11-12 18:45:00+01:00,3600,6.0,1,154149,False,
64,z6-08820,W1_ATMOS_SMST1,1,ATM-410008379,ATMOS 41, °C,1731433200,2024-11-12 18:40:00+01:00,3600,6.1,1,154148,False,
65,z6-08820,W1_ATMOS_SMST1,1,ATM-410008379,ATMOS 41, °C,1731432900,2024-11-12 18:35:00+01:00,3600,6.0,1,154147,False,
66,z6-08820,W1_ATMOS_SMST1,1,ATM-410008379,ATMOS 41, °C,1731432600,2024-11-12 18:30:00+01:00,3600,6.0,1,154146,False,
67,z6-08820,W1_ATMOS_SMST1,1,ATM-410008379,ATMOS 41, °C,1731432300,2024-11-12 18:25:00+01:00,3600,6.1,1,154145,False,
68,z6-08820,W1_ATMOS_SMST1,1,ATM-410008379,ATMOS 41, °C,1731432000,2024-11-12 18:20:00+01:00,3600,6.2,1,154144,False,
69,z6-08820,W1_ATMOS_SMST1,1,ATM-410008379,ATMOS 41, °C,1731431700,2024-11-12 18:15:00+01:00,3600,6.2,1,154143,False,
70,z6-08820,W1_ATMOS_SMST1,1,ATM-410008379,ATMOS 41, °C,1731431400,2024-11-12 18:10:00+01:00,3600,6.0,1,154142,False,
71,z6-08820,W1_ATMOS_SMST1,1,ATM-410008379,ATMOS 41, °C,1731431100,2024-11-12 18:05:00+01:00,3600,6.1,1,154141,False,
72,z6-08820,W1_ATMOS_SMST1,1,ATM-410008379,ATMOS 41, °C,1731430800,2024-11-12 18:00:00+01:00,3600,6.3,1,154140,False,
73,z6-08820,W1_ATMOS_SMST1,1,ATM-410008379,ATMOS 41, °C,1731430500,2024-11-12 17:55:00+01:00,3600,6.2,1,154139,False,
74,z6-08820,W1_ATMOS_SMST1,1,ATM-410008379,ATMOS 41, °C,1731430200,2024-11-12 17:50:00+01:00,3600,6.2,1,154138,False,
75,z6-08820,W1_ATMOS_SMST1,1,ATM-410008379,ATMOS 41, °C,1731429900,2024-11-12 17:45:00+01:00,3600,6.1,1,154137,False,
76,z6-08820,W1_ATMOS_SMST1,1,ATM-410008379,ATMOS 41, °C,1731429600,2024-11-12 17:40:00+01:00,3600,6.2,1,154136,False,
77,z6-08820,W1_ATMOS_SMST1,1,ATM-410008379,ATMOS 41, °C,1731429300,2024-11-12 17:35:00+01:00,3600,6.2,1,154135,False,
78,z6-08820,W1_ATMOS_SMST1,1,ATM-410008379,ATMOS 41, °C,1731429000,2024-11-12 17:30:00+01:00,3600,6.3,1,154134,False,
79,z6-08820,W1_ATMOS_SMST1,1,ATM-410008379,ATMOS 41, °C,1731428700,2024-11-12 17:25:00+01:00,3600,6.4,1,154133,False,
80,z6-08820,W1_ATMOS_SMST1,1,ATM-410008379,ATMOS 41, °C,1731428400,2024-11-12 17:20:00+01:00,3600,6.6,1,154132,False,
81,z6-08820,W1_ATMOS_SMST1,1,ATM-410008379,ATMOS 41, °C,1731428100,2024-11-12 17:15:00+01:00,3600,6.9,1,154131,False,
82,z6-08820,W1_ATMOS_SMST1,1,ATM-410008379,ATMOS 41, °C,1731427800,2024-11-12 17:10:00+01:00,3600,6.8,1,154130,False,
83,z6-08820,W1_ATMOS_SMST1,1,ATM-410008379,ATMOS 41, °C,1731427500,2024-11-12 17:05:00+01:00,3600,6.8,1,154129,False,
84,z6-08820,W1_ATMOS_SMST1,1,ATM-410008379,ATMOS 41, °C,1731427200,2024-11-12 17:00:00+01:00,3600,7.0,1,154128,False,
85,z6-08820,W1_ATMOS_SMST1,1,ATM-410008379,ATMOS 41, °C,1731426900,2024-11-12 16:55:00+01:00,3600,7.3,1,154127,False,
86,z6-08820,W1_ATMOS_SMST1,1,ATM-410008379,ATMOS 41, °C,1731426600,2024-11-12 16:50:00+01:00,3600,7.6,1,154126,False,
87,z6-08820,W1_ATMOS_SMST1,1,ATM-410008379,ATMOS 41, °C,1731426300,2024-11-12 16:45:00+01:00,3600,7.8,1,154125,False,
88,z6-08820,W1_ATMOS_SMST1,1,ATM-410008379,ATMOS 41, °C,1731426000,2024-11-12 16:40:00+01:00,3600,7.9,1,154124,False,
89,z6-08820,W1_ATMOS_SMST1,1,ATM-410008379,ATMOS 41, °C,1731425700,2024-11-12 16:35:00+01:00,3600,8.0,1,154123,False,
90,z6-08820,W1_ATMOS_SMST1,1,ATM-410008379,ATMOS 41, °C,1731425400,2024-11-12 16:30:00+01:00,3600,8.1,1,154122,False,
91,z6-08820,W1_ATMOS_SMST1,1,ATM-410008379,ATMOS 41, °C,1731425100,2024-11-12 16:25:00+01:00,3600,8.2,1,154121,False,
92,z6-08820,W1_ATMOS_SMST1,1,ATM-410008379,ATMOS 41, °C,1731424800,2024-11-12 16:20:00+01:00,3600,8.3,1,154120,False,
93,z6-08820,W1_ATMOS_SMST1,1,ATM-410008379,ATMOS 41, °C,1731424500,2024-11-12 16:15:00+01:00,3600,8.4,1,154119,False,
94,z6-08820,W1_ATMOS_SMST1,1,ATM-410008379,ATMOS 41, °C,1731424200,2024-11-12 16:10:00+01:00,3600,8.7,1,154118,False,
95,z6-08820,W1_ATMOS_SMST1,1,ATM-410008379,ATMOS 41, °C,1731423900,2024-11-12 16:05:00+01:00,3600,8.9,1,154117,False,
96,z6-08820,W1_ATMOS_SMST1,1,ATM-410008379,ATMOS 41, °C,1731423600,2024-11-12 16:00:00+01:00,3600,9.0,1,154116,False,
97,z6-08820,W1_ATMOS_SMST1,1,ATM-410008379,ATMOS 41, °C,1731423300,2024-11-12 15:55:00+01:00,3600,9.1,1,154115,False,
98,z6-08820,W1_ATMOS_SMST1,1,ATM-410008379,ATMOS 41, °C,1731423000,2024-11-12 15:50:00+01:00,3600,9.3,1,154114,False,
99,z6-08820,W1_ATMOS_SMST1,1,ATM-410008379,ATMOS 41, °C,1731422700,2024-11-12 15:45:00+01:00,3600,9.4,1,154113,False,
100,z6-08820,W1_ATMOS_SMST1,1,ATM-410008379,ATMOS 41, °C,1731422400,2024-11-12 15:40:00+01:00,3600,9.5,1,154112,False,
101,z6-08820,W1_ATMOS_SMST1,1,ATM-410008379,ATMOS 41, °C,1731422100,2024-11-12 15:35:00+01:00,3600,9.6,1,154111,False,
102,z6-08820,W1_ATMOS_SMST1,1,ATM-410008379,ATMOS 41, °C,1731421800,2024-11-12 15:30:00+01:00,3600,9.8,1,154110,False,
103,z6-08820,W1_ATMOS_SMST1,1,ATM-410008379,ATMOS 41, °C,1731421500,2024-11-12 15:25:00+01:00,3600,9.9,1,154109,False,
104,z6-08820,W1_ATMOS_SMST1,1,ATM-410008379,ATMOS 41, °C,1731421200,2024-11-12 15:20:00+01:00,3600,9.9,1,154108,False,
105,z6-08820,W1_ATMOS_SMST1,1,ATM-410008379,ATMOS 41, °C,1731420900,2024-11-12 15:15:00+01:00,3600,9.9,1,154107,False,
106,z6-08820,W1_ATMOS_SMST1,1,ATM-410008379,ATMOS 41, °C,1731420600,2024-11-12 15:10:00+01:00,3600,9.8,1,154106,False,
107,z6-08820,W1_ATMOS_SMST1,1,ATM-410008379,ATMOS 41, °C,1731420300,2024-11-12 15:05:00+01:00,3600,9.6,1,154105,False,
108,z6-08820,W1_ATMOS_SMST1,1,ATM-410008379,ATMOS 41, °C,1731420000,2024-11-12 15:00:00+01:00,3600,9.2,1,154104,False,
109,z6-08820,W1_ATMOS_SMST1,1,ATM-410008379,ATMOS 41, °C,1731419700,2024-11-12 14:55:00+01:00,3600,9.3,1,154103,False,
110,z6-08820,W1_ATMOS_SMST1,1,ATM-410008379,ATMOS 41, °C,1731419400,2024-11-12 14:50:00+01:00,3600,9.1,1,154102,False,
111,z6-08820,W1_ATMOS_SMST1,1,ATM-410008379,ATMOS 41, °C,1731419100,2024-11-12 14:45:00+01:00,3600,9.3,1,154101,False,
112,z6-08820,W1_ATMOS_SMST1,1,ATM-410008379,ATMOS 41, °C,1731418800,2024-11-12 14:40:00+01:00,3600,9.4,1,154100,False,
113,z6-08820,W1_ATMOS_SMST1,1,ATM-410008379,ATMOS 41, °C,1731418500,2024-11-12 14:35:00+01:00,3600,9.6,1,154099,False,
114,z6-08820,W1_ATMOS_SMST1,1,ATM-410008379,ATMOS 41, °C,1731418200,2024-11-12 14:30:00+01:00,3600,9.8,1,154098,False,
115,z6-08820,W1_ATMOS_SMST1,1,ATM-410008379,ATMOS 41, °C,1731417900,2024-11-12 14:25:00+01:00,3600,10.0,1,154097,False,
116,z6-08820,W1_ATMOS_SMST1,1,ATM-410008379,ATMOS 41, °C,1731417600,2024-11-12 14:20:00+01:00,3600,10.1,1,154096,False,
117,z6-08820,W1_ATMOS_SMST1,1,ATM-410008379,ATMOS 41, °C,1731417300,2024-11-12 14:15:00+01:00,3600,10.1,1,154095,False,
118,z6-08820,W1_ATMOS_SMST1,1,ATM-410008379,ATMOS 41, °C,1731417000,2024-11-12 14:10:00+01:00,3600,10.0,1,154094,False,
119,z6-08820,W1_ATMOS_SMST1,1,ATM-410008379,ATMOS 41, °C,1731416700,2024-11-12 14:05:00+01:00,3600,9.9,1,154093,False,
120,z6-08820,W1_ATMOS_SMST1,1,ATM-410008379,ATMOS 41, °C,1731416400,2024-11-12 14:00:00+01:00,3600,9.9,1,154092,False,
121,z6-08820,W1_ATMOS_SMST1,1,ATM-410008379,ATMOS 41, °C,1731416100,2024-11-12 13:55:00+01:00,3600,10.0,1,154091,False,
122,z6-08820,W1_ATMOS_SMST1,1,ATM-410008379,ATMOS 41, °C,1731415800,2024-11-12 13:50:00+01:00,3600,10.1,1,154090,False,
123,z6-08820,W1_ATMOS_SMST1,1,ATM-410008379,ATMOS 41, °C,1731415500,2024-11-12 13:45:00+01:00,3600,9.9,1,154089,False,
124,z6-08820,W1_ATMOS_SMST1,1,ATM-410008379,ATMOS 41, °C,1731415200,2024-11-12 13:40:00+01:00,3600,9.6,1,154088,False,
125,z6-08820,W1_ATMOS_SMST1,1,ATM-410008379,ATMOS 41, °C,1731414900,2024-11-12 13:35:00+01:00,3600,9.6,1,154087,False,
126,z6-08820,W1_ATMOS_SMST1,1,ATM-410008379,ATMOS 41, °C,1731414600,2024-11-12 13:30:00+01:00,3600,9.6,1,154086,False,
127,z6-08820,W1_ATMOS_SMST1,1,ATM-410008379,ATMOS 41, °C,1731414300,2024-11-12 13:25:00+01:00,3600,9.4,1,154085,False,
128,z6-08820,W1_ATMOS_SMST1,1,ATM-410008379,ATMOS 41, °C,1731414000,2024-11-12 13:20:00+01:00,3600,9.4,1,154084,False,
129,z6-08820,W1_ATMOS_SMST1,1,ATM-410008379,ATMOS 41, °C,1731413700,2024-11-12 13:15:00+01:00,3600,9.5,1,154083,False,
130,z6-08820,W1_ATMOS_SMST1,1,ATM-410008379,ATMOS 41, °C,1731413400,2024-11-12 13:10:00+01:00,3600,9.8,1,154082,False,
131,z6-08820,W1_ATMOS_SMST1,1,ATM-410008379,ATMOS 41, °C,1731413100,2024-11-12 13:05:00+01:00,3600,10.1,1,154081,False,
132,z6-08820,W1_ATMOS_SMST1,1,ATM-410008379,ATMOS 41, °C,1731412800,2024-11-12 13:00:00+01:00,3600,9.7,1,154080,False,
133,z6-08820,W1_ATMOS_SMST1,1,ATM-410008379,ATMOS 41, °C,1731412500,2024-11-12 12:55:00+01:00,3600,9.5,1,154079,False,
134,z6-08820,W1_ATMOS_SMST1,1,ATM-410008379,ATMOS 41, °C,1731412200,2024-11-12 12:50:00+01:00,3600,9.6,1,154078,False,
135,z6-08820,W1_ATMOS_SMST1,1,ATM-410008379,ATMOS 41, °C,1731411900,2024-11-12 12:45:00+01:00,3600,9.4,1,154077,False,
136,z6-08820,W1_ATMOS_SMST1,1,ATM-410008379,ATMOS 41, °C,1731411600,2024-11-12 12:40:00+01:00,3600,9.2,1,154076,False,
137,z6-08820,W1_ATMOS_SMST1,1,ATM-410008379,ATMOS 41, °C,1731411300,2024-11-12 12:35:00+01:00,3600,9.2,1,154075,False,
138,z6-08820,W1_ATMOS_SMST1,1,ATM-410008379,ATMOS 41, °C,1731411000,2024-11-12 12:30:00+01:00,3600,9.3,1,154074,False,
139,z6-08820,W1_ATMOS_SMST1,1,ATM-410008379,ATMOS 41, °C,1731410700,2024-11-12 12:25:00+01:00,3600,9.3,1,154073,False,
140,z6-08820,W1_ATMOS_SMST1,1,ATM-410008379,ATMOS 41, °C,1731410400,2024-11-12 12:20:00+01:00,3600,9.7,1,154072,False,
141,z6-08820,W1_ATMOS_SMST1,1,ATM-410008379,ATMOS 41, °C,1731410100,2024-11-12 12:15:00+01:00,3600,9.3,1,154071,False,
142,z6-08820,W1_ATMOS_SMST1,1,ATM-410008379,ATMOS 41, °C,1731409800,2024-11-12 12:10:00+01:00,3600,9.2,1,154070,False,
143,z6-08820,W1_ATMOS_SMST1,1,ATM-410008379,ATMOS 41, °C,1731409500,2024-11-12 12:05:00+01:00,3600,8.9,1,154069,False,
144,z6-08820,W1_ATMOS_SMST1,1,ATM-410008379,ATMOS 41, °C,1731409200,2024-11-12 12:00:00+01:00,3600,8.7,1,154068,False,
145,z6-08820,W1_ATMOS_SMST1,1,ATM-410008379,ATMOS 41, °C,1731408900,2024-11-12 11:55:00+01:00,3600,8.9,1,154067,False,
146,z6-08820,W1_ATMOS_SMST1,1,ATM-410008379,ATMOS 41, °C,1731408600,2024-11-12 11:50:00+01:00,3600,8.8,1,154066,False,
147,z6-08820,W1_ATMOS_SMST1,1,ATM-410008379,ATMOS 41, °C,1731408300,2024-11-12 11:45:00+01:00,3600,8.8,1,154065,False,
148,z6-08820,W1_ATMOS_SMST1,1,ATM-410008379,ATMOS 41, °C,1731408000,2024-11-12 11:40:00+01:00,3600,8.7,1,154064,False,
149,z6-08820,W1_ATMOS_SMST1,1,ATM-410008379,ATMOS 41, °C,1731407700,2024-11-12 11:35:00+01:00,3600,8.9,1,154063,False,
150,z6-08820,W1_ATMOS_SMST1,1,ATM-410008379,ATMOS 41, °C,1731407400,2024-11-12 11:30:00+01:00,3600,9.1,1,154062,False,
151,z6-08820,W1_ATMOS_SMST1,1,ATM-410008379,ATMOS 41, °C,1731407100,2024-11-12 11:25:00+01:00,3600,9.1,1,154061,False,
152,z6-08820,W1_ATMOS_SMST1,1,ATM-410008379,ATMOS 41, °C,1731406800,2024-11-12 11:20:00+01:00,3600,9.2,1,154060,False,
153,z6-08820,W1_ATMOS_SMST1,1,ATM-410008379,ATMOS 41, °C,1731406500,2024-11-12 11:15:00+01:00,3600,9.0,1,154059,False,
154,z6-08820,W1_ATMOS_SMST1,1,ATM-410008379,ATMOS 41, °C,1731406200,2024-11-12 11:10:00+01:00,3600,9.1,1,154058,False,
155,z6-08820,W1_ATMOS_SMST1,1,ATM-410008379,ATMOS 41, °C,1731405900,2024-11-12 11:05:00+01:00,3600,9.0,1,154057,False,
156,z6-08820,W1_ATMOS_SMST1,1,ATM-410008379,ATMOS 41, °C,1731405600,2024-11-12 11:00:00+01:00,3600,9.1,1,154056,False,
157,z6-08820,W1_ATMOS_SMST1,1,ATM-410008379,ATMOS 41, °C,1731405300,2024-11-12 10:55:00+01:00,3600,9.3,1,154055,False,
158,z6-08820,W1_ATMOS_SMST1,1,ATM-410008379,ATMOS 41, °C,1731405000,2024-11-12 10:50:00+01:00,3600,9.1,1,154054,False,
159,z6-08820,W1_ATMOS_SMST1,1,ATM-410008379,ATMOS 41, °C,1731404700,2024-11-12 10:45:00+01:00,3600,9.2,1,154053,False,
160,z6-08820,W1_ATMOS_SMST1,1,ATM-410008379,ATMOS 41, °C,1731404400,2024-11-12 10:40:00+01:00,3600,9.1,1,154052,False,
161,z6-08820,W1_ATMOS_SMST1,1,ATM-410008379,ATMOS 41, °C,1731404100,2024-11-12 10:35:00+01:00,3600,9.0,1,154051,False,
162,z6-08820,W1_ATMOS_SMST1,1,ATM-410008379,ATMOS 41, °C,1731403800,2024-11-12 10:30:00+01:00,3600,8.8,1,154050,False,
163,z6-08820,W1_ATMOS_SMST1,1,ATM-410008379,ATMOS 41, °C,1731403500,2024-11-12 10:25:00+01:00,3600,8.5,1,154049,False,
164,z6-08820,W1_ATMOS_SMST1,1,ATM-410008379,ATMOS 41, °C,1731403200,2024-11-12 10:20:00+01:00,3600,8.4,1,154048,False,
165,z6-08820,W1_ATMOS_SMST1,1,ATM-410008379,ATMOS 41, °C,1731402900,2024-11-12 10:15:00+01:00,3600,8.4,1,154047,False,
166,z6-08820,W1_ATMOS_SMST1,1,ATM-410008379,ATMOS 41, °C,1731402600,2024-11-12 10:10:00+01:00,3600,8.4,1,154046,False,
167,z6-08820,W1_ATMOS_SMST1,1,ATM-410008379,ATMOS 41, °C,1731402300,2024-11-12 10:05:00+01:00,3600,8.5,1,154045,False,
168,z6-08820,W1_ATMOS_SMST1,1,ATM-410008379,ATMOS 41, °C,1731402000,2024-11-12 10:00:00+01:00,3600,8.5,1,154044,False,
169,z6-08820,W1_ATMOS_SMST1,1,ATM-410008379,ATMOS 41, °C,1731401700,2024-11-12 09:55:00+01:00,3600,8.5,1,154043,False,
170,z6-08820,W1_ATMOS_SMST1,1,ATM-410008379,ATMOS 41, °C,1731401400,2024-11-12 09:50:00+01:00,3600,8.3,1,154042,False,
171,z6-08820,W1_ATMOS_SMST1,1,ATM-410008379,ATMOS 41, °C,1731401100,2024-11-12 09:45:00+01:00,3600,8.2,1,154041,False,
172,z6-08820,W1_ATMOS_SMST1,1,ATM-410008379,ATMOS 41, °C,1731400800,2024-11-12 09:40:00+01:00,3600,8.2,1,154040,False,
173,z6-08820,W1_ATMOS_SMST1,1,ATM-410008379,ATMOS 41, °C,1731400500,2024-11-12 09:35:00+01:00,3600,8.3,1,154039,False,
174,z6-08820,W1_ATMOS_SMST1,1,ATM-410008379,ATMOS 41, °C,1731400200,2024-11-12 09:30:00+01:00,3600,8.5,1,154038,False,
175,z6-08820,W1_ATMOS_SMST1,1,ATM-410008379,ATMOS 41, °C,1731399900,2024-11-12 09:25:00+01:00,3600,8.6,1,154037,False,
176,z6-08820,W1_ATMOS_SMST1,1,ATM-410008379,ATMOS 41, °C,1731399600,2024-11-12 09:20:00+01:00,3600,8.6,1,154036,False,
177,z6-08820,W1_ATMOS_SMST1,1,ATM-410008379,ATMOS 41, °C,1731399300,2024-11-12 09:15:00+01:00,3600,8.7,1,154035,False,
178,z6-08820,W1_ATMOS_SMST1,1,ATM-410008379,ATMOS 41, °C,1731399000,2024-11-12 09:10:00+01:00,3600,8.7,1,154034,False,
179,z6-08820,W1_ATMOS_SMST1,1,ATM-410008379,ATMOS 41, °C,1731398700,2024-11-12 09:05:00+01:00,3600,8.6,1,154033,False,
180,z6-08820,W1_ATMOS_SMST1,1,ATM-410008379,ATMOS 41, °C,1731398400,2024-11-12 09:00:00+01:00,3600,8.6,1,154032,False,
181,z6-08820,W1_ATMOS_SMST1,1,ATM-410008379,ATMOS 41, °C,1731398100,2024-11-12 08:55:00+01:00,3600,8.6,1,154031,False,
182,z6-08820,W1_ATMOS_SMST1,1,ATM-410008379,ATMOS 41, °C,1731397800,2024-11-12 08:50:00+01:00,3600,8.6,1,154030,False,
183,z6-08820,W1_ATMOS_SMST1,1,ATM-410008379,ATMOS 41, °C,1731397500,2024-11-12 08:45:00+01:00,3600,8.6,1,154029,False,
184,z6-08820,W1_ATMOS_SMST1,1,ATM-410008379,ATMOS 41, °C,1731397200,2024-11-12 08:40:00+01:00,3600,8.6,1,154028,False,
185,z6-08820,W1_ATMOS_SMST1,1,ATM-410008379,ATMOS 41, °C,1731396900,2024-11-12 08:35:00+01:00,3600,8.5,1,154027,False,
186,z6-08820,W1_ATMOS_SMST1,1,ATM-410008379,ATMOS 41, °C,1731396600,2024-11-12 08:30:00+01:00,3600,8.6,1,154026,False,
187,z6-08820,W1_ATMOS_SMST1,1,ATM-410008379,ATMOS 41, °C,1731396300,2024-11-12 08:25:00+01:00,3600,8.6,1,154025,False,
188,z6-08820,W1_ATMOS_SMST1,1,ATM-410008379,ATMOS 41, °C,1731396000,2024-11-12 08:20:00+01:00,3600,8.6,1,154024,False,
189,z6-08820,W1_ATMOS_SMST1,1,ATM-410008379,ATMOS 41, °C,1731395700,2024-11-12 08:15:00+01:00,3600,8.7,1,154023,False,
190,z6-08820,W1_ATMOS_SMST1,1,ATM-410008379,ATMOS 41, °C,1731395400,2024-11-12 08:10:00+01:00,3600,8.6,1,154022,False,
191,z6-08820,W1_ATMOS_SMST1,1,ATM-410008379,ATMOS 41, °C,1731395100,2024-11-12 08:05:00+01:00,3600,8.6,1,154021,False,
192,z6-08820,W1_ATMOS_SMST1,1,ATM-410008379,ATMOS 41, °C,1731394800,2024-11-12 08:00:00+01:00,3600,8.6,1,154020,False,
193,z6-08820,W1_ATMOS_SMST1,1,ATM-410008379,ATMOS 41, °C,1731394500,2024-11-12 07:55:00+01:00,3600,8.6,1,154019,False,
194,z6-08820,W1_ATMOS_SMST1,1,ATM-410008379,ATMOS 41, °C,1731394200,2024-11-12 07:50:00+01:00,3600,8.6,1,154018,False,
195,z6-08820,W1_ATMOS_SMST1,1,ATM-410008379,ATMOS 41, °C,1731393900,2024-11-12 07:45:00+01:00,3600,8.6,1,154017,False,
196,z6-08820,W1_ATMOS_SMST1,1,ATM-410008379,ATMOS 41, °C,1731393600,2024-11-12 07:40:00+01:00,3600,8.6,1,154016,False,
197,z6-08820,W1_ATMOS_SMST1,1,ATM-410008379,ATMOS 41, °C,1731393300,2024-11-12 07:35:00+01:00,3600,8.5,1,154015,False,
198,z6-08820,W1_ATMOS_SMST1,1,ATM-410008379,ATMOS 41, °C,1731393000,2024-11-12 07:30:00+01:00,3600,8.5,1,154014,False,
199,z6-08820,W1_ATMOS_SMST1,1,ATM-410008379,ATMOS 41, °C,1731392700,2024-11-12 07:25:00+01:00,3600,8.5,1,154013,False,
200,z6-08820,W1_ATMOS_SMST1,1,ATM-410008379,ATMOS 41, °C,1731392400,2024-11-12 07:20:00+01:00,3600,8.4,1,154012,False,
201,z6-08820,W1_ATMOS_SMST1,1,ATM-410008379,ATMOS 41, °C,1731392100,2024-11-12 07:15:00+01:00,3600,8.4,1,154011,False,
202,z6-08820,W1_ATMOS_SMST1,1,ATM-410008379,ATMOS 41, °C,1731391800,2024-11-12 07:10:00+01:00,3600,8.4,1,154010,False,
203,z6-08820,W1_ATMOS_SMST1,1,ATM-410008379,ATMOS 41, °C,1731391500,2024-11-12 07:05:00+01:00,3600,8.5,1,154009,False,
204,z6-08820,W1_ATMOS_SMST1,1,ATM-410008379,ATMOS 41, °C,1731391200,2024-11-12 07:00:00+01:00,3600,8.5,1,154008,False,
205,z6-08820,W1_ATMOS_SMST1,1,ATM-410008379,ATMOS 41, °C,1731390900,2024-11-12 06:55:00+01:00,3600,8.5,1,154007,False,
206,z6-08820,W1_ATMOS_SMST1,1,ATM-410008379,ATMOS 41, °C,1731390600,2024-11-12 06:50:00+01:00,3600,8.5,1,154006,False,
207,z6-08820,W1_ATMOS_SMST1,1,ATM-410008379,ATMOS 41, °C,1731390300,2024-11-12 06:45:00+01:00,3600,8.5,1,154005,False,
208,z6-08820,W1_ATMOS_SMST1,1,ATM-410008379,ATMOS 41, °C,1731390000,2024-11-12 06:40:00+01:00,3600,8.5,1,154004,False,
209,z6-08820,W1_ATMOS_SMST1,1,ATM-410008379,ATMOS 41, °C,1731389700,2024-11-12 06:35:00+01:00,3600,8.5,1,154003,False,
210,z6-08820,W1_ATMOS_SMST1,1,ATM-410008379,ATMOS 41, °C,1731389400,2024-11-12 06:30:00+01:00,3600,8.5,1,154002,False,
211,z6-08820,W1_ATMOS_SMST1,1,ATM-410008379,ATMOS 41, °C,1731389100,2024-11-12 06:25:00+01:00,3600,8.5,1,154001,False,
212,z6-08820,W1_ATMOS_SMST1,1,ATM-410008379,ATMOS 41, °C,1731388800,2024-11-12 06:20:00+01:00,3600,8.5,1,154000,False,
213,z6-08820,W1_ATMOS_SMST1,1,ATM-410008379,ATMOS 41, °C,1731388500,2024-11-12 06:15:00+01:00,3600,8.5,1,153999,False,
214,z6-08820,W1_ATMOS_SMST1,1,ATM-410008379,ATMOS 41, °C,1731388200,2024-11-12 06:10:00+01:00,3600,8.5,1,153998,False,
215,z6-08820,W1_ATMOS_SMST1,1,ATM-410008379,ATMOS 41, °C,1731387900,2024-11-12 06:05:00+01:00,3600,8.5,1,153997,False,
216,z6-08820,W1_ATMOS_SMST1,1,ATM-410008379,ATMOS 41, °C,1731387600,2024-11-12 06:00:00+01:00,3600,8.5,1,153996,False,
217,z6-08820,W1_ATMOS_SMST1,1,ATM-410008379,ATMOS 41, °C,1731387300,2024-11-12 05:55:00+01:00,3600,8.5,1,153995,False,
218,z6-08820,W1_ATMOS_SMST1,1,ATM-410008379,ATMOS 41, °C,1731387000,2024-11-12 05:50:00+01:00,3600,8.5,1,153994,False,
219,z6-08820,W1_ATMOS_SMST1,1,ATM-410008379,ATMOS 41, °C,1731386700,2024-11-12 05:45:00+01:00,3600,8.5,1,153993,False,
220,z6-08820,W1_ATMOS_SMST1,1,ATM-410008379,ATMOS 41, °C,1731386400,2024-11-12 05:40:00+01:00,3600,8.5,1,153992,False,
221,z6-08820,W1_ATMOS_SMST1,1,ATM-410008379,ATMOS 41, °C,1731386100,2024-11-12 05:35:00+01:00,3600,8.6,1,153991,False,
222,z6-08820,W1_ATMOS_SMST1,1,ATM-410008379,ATMOS 41, °C,1731385800,2024-11-12 05:30:00+01:00,3600,8.5,1,153990,False,
223,z6-08820,W1_ATMOS_SMST1,1,ATM-410008379,ATMOS 41, °C,1731385500,2024-11-12 05:25:00+01:00,3600,8.5,1,153989,False,
224,z6-08820,W1_ATMOS_SMST1,1,ATM-410008379,ATMOS 41, °C,1731385200,2024-11-12 05:20:00+01:00,3600,8.6,1,153988,False,
225,z6-08820,W1_ATMOS_SMST1,1,ATM-410008379,ATMOS 41, °C,1731384900,2024-11-12 05:15:00+01:00,3600,8.6,1,153987,False,
226,z6-08820,W1_ATMOS_SMST1,1,ATM-410008379,ATMOS 41, °C,1731384600,2024-11-12 05:10:00+01:00,3600,8.6,1,153986,False,
227,z6-08820,W1_ATMOS_SMST1,1,ATM-410008379,ATMOS 41, °C,1731384300,2024-11-12 05:05:00+01:00,3600,8.7,1,153985,False,
228,z6-08820,W1_ATMOS_SMST1,1,ATM-410008379,ATMOS 41, °C,1731384000,2024-11-12 05:00:00+01:00,3600,8.7,1,153984,False,
229,z6-08820,W1_ATMOS_SMST1,1,ATM-410008379,ATMOS 41, °C,1731383700,2024-11-12 04:55:00+01:00,3600,8.7,1,153983,False,
230,z6-08820,W1_ATMOS_SMST1,1,ATM-410008379,ATMOS 41, °C,1731383400,2024-11-12 04:50:00+01:00,3600,8.7,1,153982,False,
231,z6-08820,W1_ATMOS_SMST1,1,ATM-410008379,ATMOS 41, °C,1731383100,2024-11-12 04:45:00+01:00,3600,8.8,1,153981,False,
232,z6-08820,W1_ATMOS_SMST1,1,ATM-410008379,ATMOS 41, °C,1731382800,2024-11-12 04:40:00+01:00,3600,8.8,1,153980,False,
233,z6-08820,W1_ATMOS_SMST1,1,ATM-410008379,ATMOS 41, °C,1731382500,2024-11-12 04:35:00+01:00,3600,8.8,1,153979,False,
234,z6-08820,W1_ATMOS_SMST1,1,ATM-410008379,ATMOS 41, °C,1731382200,2024-11-12 04:30:00+01:00,3600,8.9,1,153978,False,
235,z6-08820,W1_ATMOS_SMST1,1,ATM-410008379,ATMOS 41, °C,1731381900,2024-11-12 04:25:00+01:00,3600,8.9,1,153977,False,
236,z6-08820,W1_ATMOS_SMST1,1,ATM-410008379,ATMOS 41, °C,1731381600,2024-11-12 04:20:00+01:00,3600,8.9,1,153976,False,
237,z6-08820,W1_ATMOS_SMST1,1,ATM-410008379,ATMOS 41, °C,1731381300,2024-11-12 04:15:00+01:00,3600,8.9,1,153975,False,
238,z6-08820,W1_ATMOS_SMST1,1,ATM-410008379,ATMOS 41, °C,1731381000,2024-11-12 04:10:00+01:00,3600,8.9,1,153974,False,
239,z6-08820,W1_ATMOS_SMST1,1,ATM-410008379,ATMOS 41, °C,1731380700,2024-11-12 04:05:00+01:00,3600,9.0,1,153973,False,
240,z6-08820,W1_ATMOS_SMST1,1,ATM-410008379,ATMOS 41, °C,1731380400,2024-11-12 04:00:00+01:00,3600,8.9,1,153972,False,
241,z6-08820,W1_ATMOS_SMST1,1,ATM-410008379,ATMOS 41, °C,1731380100,2024-11-12 03:55:00+01:00,3600,9.0,1,153971,False,
242,z6-08820,W1_ATMOS_SMST1,1,ATM-410008379,ATMOS 41, °C,1731379800,2024-11-12 03:50:00+01:00,3600,9.0,1,153970,False,
243,z6-08820,W1_ATMOS_SMST1,1,ATM-410008379,ATMOS 41, °C,1731379500,2024-11-12 03:45:00+01:00,3600,9.0,1,153969,False,
244,z6-08820,W1_ATMOS_SMST1,1,ATM-410008379,ATMOS 41, °C,1731379200,2024-11-12 03:40:00+01:00,3600,9.1,1,153968,False,
245,z6-08820,W1_ATMOS_SMST1,1,ATM-410008379,ATMOS 41, °C,1731378900,2024-11-12 03:35:00+01:00,3600,9.1,1,153967,False,
246,z6-08820,W1_ATMOS_SMST1,1,ATM-410008379,ATMOS 41, °C,1731378600,2024-11-12 03:30:00+01:00,3600,9.1,1,153966,False,
247,z6-08820,W1_ATMOS_SMST1,1,ATM-410008379,ATMOS 41, °C,1731378300,2024-11-12 03:25:00+01:00,3600,9.1,1,153965,False,
248,z6-08820,W1_ATMOS_SMST1,1,ATM-410008379,ATMOS 41, °C,1731378000,2024-11-12 03:20:00+01:00,3600,9.1,1,153964,False,
249,z6-08820,W1_ATMOS_SMST1,1,ATM-410008379,ATMOS 41, °C,1731377700,2024-11-12 03:15:00+01:00,3600,9.1,1,153963,False,
250,z6-08820,W1_ATMOS_SMST1,1,ATM-410008379,ATMOS 41, °C,1731377400,2024-11-12 03:10:00+01:00,3600,9.2,1,153962,False,
251,z6-08820,W1_ATMOS_SMST1,1,ATM-410008379,ATMOS 41, °C,1731377100,2024-11-12 03:05:00+01:00,3600,9.2,1,153961,False,
252,z6-08820,W1_ATMOS_SMST1,1,ATM-410008379,ATMOS 41, °C,1731376800,2024-11-12 03:00:00+01:00,3600,9.2,1,153960,False,
253,z6-08820,W1_ATMOS_SMST1,1,ATM-410008379,ATMOS 41, °C,1731376500,2024-11-12 02:55:00+01:00,3600,9.1,1,153959,False,
254,z6-08820,W1_ATMOS_SMST1,1,ATM-410008379,ATMOS 41, °C,1731376200,2024-11-12 02:50:00+01:00,3600,9.2,1,153958,False,
255,z6-08820,W1_ATMOS_SMST1,1,ATM-410008379,ATMOS 41, °C,1731375900,2024-11-12 02:45:00+01:00,3600,9.2,1,153957,False,
256,z6-08820,W1_ATMOS_SMST1,1,ATM-410008379,ATMOS 41, °C,1731375600,2024-11-12 02:40:00+01:00,3600,9.1,1,153956,False,
257,z6-08820,W1_ATMOS_SMST1,1,ATM-410008379,ATMOS 41, °C,1731375300,2024-11-12 02:35:00+01:00,3600,9.1,1,153955,False,
258,z6-08820,W1_ATMOS_SMST1,1,ATM-410008379,ATMOS 41, °C,1731375000,2024-11-12 02:30:00+01:00,3600,9.2,1,153954,False,
259,z6-08820,W1_ATMOS_SMST1,1,ATM-410008379,ATMOS 41, °C,1731374700,2024-11-12 02:25:00+01:00,3600,9.2,1,153953,False,
260,z6-08820,W1_ATMOS_SMST1,1,ATM-410008379,ATMOS 41, °C,1731374400,2024-11-12 02:20:00+01:00,3600,9.3,1,153952,False,
261,z6-08820,W1_ATMOS_SMST1,1,ATM-410008379,ATMOS 41, °C,1731374100,2024-11-12 02:15:00+01:00,3600,9.3,1,153951,False,
262,z6-08820,W1_ATMOS_SMST1,1,ATM-410008379,ATMOS 41, °C,1731373800,2024-11-12 02:10:00+01:00,3600,9.3,1,153950,False,
263,z6-08820,W1_ATMOS_SMST1,1,ATM-410008379,ATMOS 41, °C,1731373500,2024-11-12 02:05:00+01:00,3600,9.4,1,153949,False,
264,z6-08820,W1_ATMOS_SMST1,1,ATM-410008379,ATMOS 41, °C,1731373200,2024-11-12 02:00:00+01:00,3600,9.3,1,153948,False,
265,z6-08820,W1_ATMOS_SMST1,1,ATM-410008379,ATMOS 41, °C,1731372900,2024-11-12 01:55:00+01:00,3600,9.4,1,153947,False,
266,z6-08820,W1_ATMOS_SMST1,1,ATM-410008379,ATMOS 41, °C,1731372600,2024-11-12 01:50:00+01:00,3600,9.4,1,153946,False,
267,z6-08820,W1_ATMOS_SMST1,1,ATM-410008379,ATMOS 41, °C,1731372300,2024-11-12 01:45:00+01:00,3600,9.4,1,153945,False,
268,z6-08820,W1_ATMOS_SMST1,1,ATM-410008379,ATMOS 41, °C,1731372000,2024-11-12 01:40:00+01:00,3600,9.4,1,153944,False,
269,z6-08820,W1_ATMOS_SMST1,1,ATM-410008379,ATMOS 41, °C,1731371700,2024-11-12 01:35:00+01:00,3600,9.4,1,153943,False,
270,z6-08820,W1_ATMOS_SMST1,1,ATM-410008379,ATMOS 41, °C,1731371400,2024-11-12 01:30:00+01:00,3600,9.5,1,153942,False,
271,z6-08820,W1_ATMOS_SMST1,1,ATM-410008379,ATMOS 41, °C,1731371100,2024-11-12 01:25:00+01:00,3600,9.5,1,153941,False,
272,z6-08820,W1_ATMOS_SMST1,1,ATM-410008379,ATMOS 41, °C,1731370800,2024-11-12 01:20:00+01:00,3600,9.5,1,153940,False,
273,z6-08820,W1_ATMOS_SMST1,1,ATM-410008379,ATMOS 41, °C,1731370500,2024-11-12 01:15:00+01:00,3600,9.5,1,153939,False,
274,z6-08820,W1_ATMOS_SMST1,1,ATM-410008379,ATMOS 41, °C,1731370200,2024-11-12 01:10:00+01:00,3600,9.6,1,153938,False,
275,z6-08820,W1_ATMOS_SMST1,1,ATM-410008379,ATMOS 41, °C,1731369900,2024-11-12 01:05:00+01:00,3600,9.6,1,153937,False,
276,z6-08820,W1_ATMOS_SMST1,1,ATM-410008379,ATMOS 41, °C,1731369600,2024-11-12 01:00:00+01:00,3600,9.6,1,153936,False,
277,z6-08820,W1_ATMOS_SMST1,1,ATM-410008379,ATMOS 41, °C,1731369300,2024-11-12 00:55:00+01:00,3600,9.6,1,153935,False,
278,z6-08820,W1_ATMOS_SMST1,1,ATM-410008379,ATMOS 41, °C,1731369000,2024-11-12 00:50:00+01:00,3600,9.6,1,153934,False,
279,z6-08820,W1_ATMOS_SMST1,1,ATM-410008379,ATMOS 41, °C,1731368700,2024-11-12 00:45:00+01:00,3600,9.6,1,153933,False,
280,z6-08820,W1_ATMOS_SMST1,1,ATM-410008379,ATMOS 41, °C,1731368400,2024-11-12 00:40:00+01:00,3600,9.6,1,153932,False,
281,z6-08820,W1_ATMOS_SMST1,1,ATM-410008379,ATMOS 41, °C,1731368100,2024-11-12 00:35:00+01:00,3600,9.7,1,153931,False,
282,z6-08820,W1_ATMOS_SMST1,1,ATM-410008379,ATMOS 41, °C,1731367800,2024-11-12 00:30:00+01:00,3600,9.6,1,153930,False,
283,z6-08820,W1_ATMOS_SMST1,1,ATM-410008379,ATMOS 41, °C,1731367500,2024-11-12 00:25:00+01:00,3600,9.6,1,153929,False,
284,z6-08820,W1_ATMOS_SMST1,1,ATM-410008379,ATMOS 41, °C,1731367200,2024-11-12 00:20:00+01:00,3600,9.6,1,153928,False,
285,z6-08820,W1_ATMOS_SMST1,1,ATM-410008379,ATMOS 41, °C,1731366900,2024-11-12 00:15:00+01:00,3600,9.6,1,153927,False,
286,z6-08820,W1_ATMOS_SMST1,1,ATM-410008379,ATMOS 41, °C,1731366600,2024-11-12 00:10:00+01:00,3600,9.6,1,153926,False,
287,z6-08820,W1_ATMOS_SMST1,1,ATM-410008379,ATMOS 41, °C,1731366300,2024-11-12 00:05:00+01:00,3600,9.6,1,153925,False,
288,z6-08820,W1_ATMOS_SMST1,1,ATM-410008379,ATMOS 41, °C,1731366000,2024-11-12 00:00:00+01:00,3600,9.6,1,153924,False,
